<?xml version="1.0" encoding="UTF-8"?>
<beans xmlns="http://www.springframework.org/schema/beans"
	xmlns:xsi="http://www.w3.org/2001/XMLSchema-instance"
	xmlns:aop="http://www.springframework.org/schema/aop"
	xmlns:context="http://www.springframework.org/schema/context"
	xmlns:util="http://www.springframework.org/schema/util"
	xmlns:p="http://www.springframework.org/schema/p"
	xmlns:tx="http://www.springframework.org/schema/tx"
	xmlns:mvc="http://www.springframework.org/schema/mvc"
	xsi:schemaLocation="http://www.springframework.org/schema/beans 
	http://www.springframework.org/schema/beans/spring-beans-4.0.xsd
	 http://www.springframework.org/schema/context
     http://www.springframework.org/schema/context/spring-context-3.0.xsd
     http://www.springframework.org/schema/util 
     http://www.springframework.org/schema/util/spring-util-3.0.xsd
  http://www.springframework.org/schema/aop 
http://www.springframework.org/schema/aop/spring-aop.xsd
http://www.springframework.org/schema/mvc 
	http://www.springframework.org/schema/mvc/spring-mvc-3.2.xsd
	http://www.springframework.org/schema/tx 
		http://www.springframework.org/schema/tx/spring-tx-3.2.xsd">

	<!-- 1 -->
	<bean id="emp1" class="com.cg.bean.Employee1">
		<property name="employeeId" value="100"></property>
		<property name="employeeName" value="Hari"></property>
		<property name="businessUnit" value="PES-BU"></property>
		<property name="salary" value="25000.0"></property>
		<property name="age" value="24"></property>
	</bean>

	<!-- 2 -->
	<bean id="pes" class="com.cg.bean.SBU2">
		<property name="sbuId" value="111"></property>
		<property name="sbuName" value="Product Engineering Services"></property>
		<property name="sbuHead" value="Kumar Rao"></property>
	</bean>

	<bean id="emp2" class="com.cg.bean.Employee2">
		<property name="employeeId" value="101"></property>
		<property name="employeeName" value="Harshal"></property>
		<property name="salary" value="25000"></property>
		<property name="age" value="26"></property>
		<property name="businessUnit" ref="pes"></property>
	</bean>

	<!-- 3 -->
	<bean id="emp31" class="com.cg.bean.Employee3">
		<property name="employeeId" value="300"></property>
		<property name="employeeName" value="Vishal"></property>
		<property name="salary" value="25000.0"></property>
		<property name="age" value="24"></property>
	</bean>
	<bean id="emp32" class="com.cg.bean.Employee3">
		<property name="employeeId" value="301"></property>
		<property name="employeeName" value="Kumar"></property>
		<property name="salary" value="29000.0"></property>
		<property name="age" value="26"></property>
	</bean>

	<bean id="pes3" class="com.cg.bean.SBU3">
		<property name="sbuId" value="111"></property>
		<property name="sbuName" value="Product Engineering Services"></property>
		<property name="sbuHead" value="Kumar Rao"></property>
		<property name="employee3s">
			<list>
				<ref bean="emp31" />
				<ref bean="emp32" />
			</list>
		</property>
	</bean>
</beans>